<?xml version="1.0" encoding="UTF-8"?>
<rss version="2.0"
	xmlns:content="http://purl.org/rss/1.0/modules/content/"
	xmlns:wfw="http://wellformedweb.org/CommentAPI/"
	xmlns:dc="http://purl.org/dc/elements/1.1/"
	xmlns:atom="http://www.w3.org/2005/Atom"
	>

<channel>
	<title>S60 Blogs</title>
	<atom:link href="http://blogs.s60.com/feed" rel="self" type="application/rss+xml" />
	<link>http://blogs.s60.com</link>
	<description></description>
	<pubDate>Thu, 02 Jul 2009 10:12:32 +0000</pubDate>
	<generator>http://wordpress.org/?v=2.6.2</generator>
	<language>en</language>
			<item>
		<title>Final words and thanks from Jukka</title>
		<link>http://blogs.s60.com/2009/06/final-words</link>
		<comments>http://blogs.s60.com/2009/06/final-words#comments</comments>
		<pubDate>Tue, 30 Jun 2009 07:53:47 +0000</pubDate>
		<dc:creator>Jukka Eklund</dc:creator>
		
		<category><![CDATA[S60 applications]]></category>

		<category><![CDATA[S60 devices]]></category>

		<category><![CDATA[maemo]]></category>

		<category><![CDATA[Mobile Web Server]]></category>

		<category><![CDATA[Nseries]]></category>

		<guid isPermaLink="false">http://blogs.s60.com/?p=3329</guid>
		<description><![CDATA[Heh, looks like I still made it through even though it's already July :)

It's been a while since I blogged here. If you remember I started way back in S60 Multimedia blog (which seems to be gone from the server, hope that's a mistake), that was a lot of fun. Then we had the <a href="http://mymobilesite.net">Mobile Web Server</a> activity and a new blog. Since the start of this year I haven't been part of that activity anymore, but following closely. [...]]]></description>
			<content:encoded><![CDATA[<p>Heh, looks like I still made it through even though it&#8217;s already July <img src='http://blogs.s60.com/wp-includes/images/smilies/icon_smile.gif' alt=':)' class='wp-smiley' /> </p>
<p>It&#8217;s been a while since I blogged here. If you remember I started way back in S60 Multimedia blog (which seems to be gone from the server, hope that&#8217;s a mistake), that was a lot of fun. Then we had the <a href="http://mymobilesite.net">Mobile Web Server</a> activity and a new blog. Since the start of this year I haven&#8217;t been part of that activity anymore, but following closely. Things might seem a bit silent now, but you never know what&#8217;s bubbling under (well I know, but can&#8217;t tell yet). Speaking of MWS please take a look on the <a href="http://mymobilesite.net/news/28/" target="_self">latest news post</a> and take action, it will be much appreciated!</p>
<p>My current activities are with Nseries where I manage some of the key experiences for future devices. Hope to tell you more about those later. Keep an eye on the <a href="http://blogs.nokia.com/nseries/">Nseries blog</a> and <a href="http://maemo.org/">Maemo</a>, and of course all of the other <a href="http://blogs.nokia.com/">Nokia blogs</a> as well. You can find me on Facebook, Twitter etc. when you want to be in touch.</p>
<p>Now it&#8217;s time to rest for a while and enjoy the summer! Can&#8217;t think of anything more original than: Thanks <img src='http://blogs.s60.com/wp-includes/images/smilies/icon_smile.gif' alt=':)' class='wp-smiley' /> </p>
<p>-Jukka</p>
]]></content:encoded>
			<wfw:commentRss>http://blogs.s60.com/2009/06/final-words/feed</wfw:commentRss>
		</item>
		<item>
		<title>Thank you!</title>
		<link>http://blogs.s60.com/2009/06/thank-you</link>
		<comments>http://blogs.s60.com/2009/06/thank-you#comments</comments>
		<pubDate>Mon, 29 Jun 2009 15:24:55 +0000</pubDate>
		<dc:creator>Saara Bergström</dc:creator>
		
		<category><![CDATA[S60 news]]></category>

		<guid isPermaLink="false">http://blogs.s60.com/?p=3331</guid>
		<description><![CDATA[<a href=http://blogs.s60.com/2009/06/thank-you><img src=http://blogs.s60.com/wp-content/uploads/2009/06/thankyou.jpg class=imgtfe hspace=5 align=left width=100  border=0></a><a href="http://blogs.s60.com/wp-content/uploads/2009/06/thankyou.jpg"></a>It's time to thank each and every one of you who have found our site useful, contributed to the S60 community, and taken part in discussions on the S60 blogs over the years on behalf of the whole S60 team. It's been a great experience for all of us! S60.com will be closed in the next couple of days. S60 Blogs content will remain available on this site, but new posts will not be published anymore.

Closing of S60.com and [...]]]></description>
			<content:encoded><![CDATA[<p><a href="http://blogs.s60.com/wp-content/uploads/2009/06/thankyou.jpg"><img class="alignright size-full wp-image-3332" title="Thank you!" src="http://blogs.s60.com/wp-content/uploads/2009/06/thankyou.jpg" alt="" width="120" height="160" /></a>It&#8217;s time to thank each and every one of you who have found our site useful, contributed to the S60 community, and taken part in discussions on the S60 blogs over the years on behalf of the whole S60 team. It&#8217;s been a great experience for all of us! S60.com will be closed in the next couple of days. S60 Blogs content will remain available on this site, but new posts will not be published anymore.</p>
<p>Closing of S60.com and S60 Blogs is a result of Symbian OS and S60 software assets becoming together as the Symbian Foundation. Please visit <a href="http://www.symbian.org/">symbian.org</a> and <a href="http://www.nokia.com/">nokia.com</a> for more information. Other sources of information you might find useful or interesting include <a href="http://blogs.nokia.com">Nokia Blogs</a>, <a href="http://blog.symbian.org/">Symbian Blog</a>, <a href="http://betalabs.nokia.com/">Nokia beta Labs</a> and <a href="http://www.nokia.com/developers/success-stories/nokia-pilots">Nokia Pilots</a>.</p>
<p>I am continuing to work with Nokia on some projects that I&#8217;m very happy to be part of including managing <a href="http://blogs.nokia.com">http://blogs.nokia.com</a>. Once again, thank you all for this wonderful journey and hopefully see you soon!</p>
]]></content:encoded>
			<wfw:commentRss>http://blogs.s60.com/2009/06/thank-you/feed</wfw:commentRss>
		</item>
		<item>
		<title>More details on future S60 Java UI plans</title>
		<link>http://blogs.s60.com/2009/06/more-details-on-future-s60-java-ui-plans</link>
		<comments>http://blogs.s60.com/2009/06/more-details-on-future-s60-java-ui-plans#comments</comments>
		<pubDate>Sun, 07 Jun 2009 20:05:17 +0000</pubDate>
		<dc:creator>Aleksi Uotila</dc:creator>
		
		<category><![CDATA[Java]]></category>

		<guid isPermaLink="false">http://blogs.s60.com/?p=3320</guid>
		<description><![CDATA[Görkem has <a href="http://www.gorkem-ercan.com/2009/06/reflections-of-symbian-foundation-and.html">written more details on our future user interface plans at Java Runtime for S60</a>. The upcoming changes in <a href="http://blog.symbian.org/2009/04/30/reviewing-the-release-plan/">Symbian Foundation for UIs</a> require long lead time development which has already been started in our team. We currently have Java UIs running on Qt framework on desktop and we are now focusing on ensuring that things work OK in S60 environment on Qt as well as implementing mobile specific integration and then advanced features like bridging of [...]]]></description>
			<content:encoded><![CDATA[<p>Görkem has <a href="http://www.gorkem-ercan.com/2009/06/reflections-of-symbian-foundation-and.html">written more details on our future user interface plans at Java Runtime for S60</a>. The upcoming changes in <a href="http://blog.symbian.org/2009/04/30/reviewing-the-release-plan/">Symbian Foundation for UIs</a> require long lead time development which has already been started in our team. We currently have Java UIs running on Qt framework on desktop and we are now focusing on ensuring that things work OK in S60 environment on Qt as well as implementing mobile specific integration and then advanced features like bridging of MIDP LCDUI and eSWT as well as those other features. One additional theme in our UI development that is good to mention is graphics hardware acceleration and enablement of what Symbian OS marketing calls as <a href="http://developer.symbian.com/wiki/display/KBSDN/Where+can+I+find+information+on+Screenplay">Screenplay</a> for all of our graphics and media APIs: LCDUI 2D graphics, M2G, M3G and MMAPI.</p>
]]></content:encoded>
			<wfw:commentRss>http://blogs.s60.com/2009/06/more-details-on-future-s60-java-ui-plans/feed</wfw:commentRss>
		</item>
		<item>
		<title>It&#8217;s time to say: kiitos &#38; näkemiin</title>
		<link>http://blogs.s60.com/2009/06/its-time-to-say-goodbye</link>
		<comments>http://blogs.s60.com/2009/06/its-time-to-say-goodbye#comments</comments>
		<pubDate>Fri, 05 Jun 2009 18:17:42 +0000</pubDate>
		<dc:creator>Raj Unny</dc:creator>
		
		<category><![CDATA[S60 Ambassadors]]></category>

		<category><![CDATA[S60 Living]]></category>

		<category><![CDATA[symbian foundation]]></category>

		<guid isPermaLink="false">http://blogs.s60.com/?p=3301</guid>
		<description><![CDATA[<a href=http://blogs.s60.com/2009/06/its-time-to-say-goodbye><img src=http://blogs.s60.com/wp-content/uploads/2009/06/ambyplane-300x107.jpg class=imgtfe hspace=5 align=left width=100  border=0></a><a href="http://blogs.s60.com/wp-content/uploads/2009/06/ambyplane.jpg"></a>Mike &#38; I have been busy making sure the last of the rewards have been shipped out. And they have!

Now it's time for that very last post. As most of you know, the S60 Ambassador program and site are <a href="http://blogs.s60.com/2009/04/s60-ambassador-program-is-ending" target="_blank">closing</a> end of the month along with the <a href="http://blogs.s60.com/2009/04/s60-and-symbian-foundation-looking-forward" target="_blank">rest of S60.com</a>.

This has been a fascinating journey that all of us here at S60 have both enjoyed and cherished. The Ambassador program alone had more than 21 [...]]]></description>
			<content:encoded><![CDATA[<p><a href="http://blogs.s60.com/wp-content/uploads/2009/06/ambyplane.jpg"><img class="alignleft size-medium wp-image-3306" src="http://blogs.s60.com/wp-content/uploads/2009/06/ambyplane-300x107.jpg" alt="" width="275" height="125" /></a>Mike &amp; I have been busy making sure the last of the rewards have been shipped out. And they have!</p>
<p>Now it&#8217;s time for that very last post. As most of you know, the S60 Ambassador program and site are <a href="http://blogs.s60.com/2009/04/s60-ambassador-program-is-ending" target="_blank">closing</a> end of the month along with the <a href="http://blogs.s60.com/2009/04/s60-and-symbian-foundation-looking-forward" target="_blank">rest of S60.com</a>.</p>
<p>This has been a fascinating journey that all of us here at S60 have both enjoyed and cherished. The Ambassador program alone had more than 21 thousand fans who signed up - submitting nearly 6 thousand reports in little less than a year and 9 fun campaigns. We can all be proud of what we&#8217;ve achieved together.</p>
<p>Before we say goodbye, we&#8217;d like to tip our hats to the following Ambassadors who&#8217;ve made it to the all-time, all-star list:</p>
<p><!--[if gte mso 9]&gt; Normal   0               false   false   false      EN-US   X-NONE   X-NONE                                                     MicrosoftInternetExplorer4 &lt;![endif]--><!--[if gte mso 9]&gt; &lt;![endif]--><!--  --><!--[if gte mso 10]&gt; &lt;!   /* Style Definitions */  table.MsoNormalTable 	{mso-style-name:"Table Normal"; 	mso-tstyle-rowband-size:0; 	mso-tstyle-colband-size:0; 	mso-style-noshow:yes; 	mso-style-priority:99; 	mso-style-qformat:yes; 	mso-style-parent:""; 	mso-padding-alt:0cm 5.4pt 0cm 5.4pt; 	mso-para-margin-top:6.0pt; 	mso-para-margin-right:0cm; 	mso-para-margin-bottom:6.0pt; 	mso-para-margin-left:2.0cm; 	text-indent:-2.0cm; 	mso-pagination:widow-orphan; 	font-size:11.0pt; 	font-family:"Nokia Standard Light","sans-serif"; 	mso-ascii-font-family:"Nokia Standard Light"; 	mso-ascii-theme-font:minor-latin; 	mso-fareast-font-family:SimSun; 	mso-fareast-theme-font:minor-fareast; 	mso-hansi-font-family:"Nokia Standard Light"; 	mso-hansi-theme-font:minor-latin;} table.MsoTableLightListAccent3 	{mso-style-name:"Light List - Accent 3"; 	mso-tstyle-rowband-size:1; 	mso-tstyle-colband-size:1; 	mso-style-priority:61; 	mso-style-unhide:no; 	border:solid #9BBB59 1.0pt; 	mso-border-themecolor:accent3; 	mso-padding-alt:0cm 5.4pt 0cm 5.4pt; 	mso-para-margin:0cm; 	mso-para-margin-bottom:.0001pt; 	mso-pagination:widow-orphan; 	font-size:11.0pt; 	font-family:"Nokia Standard Light","sans-serif"; 	mso-ascii-font-family:"Nokia Standard Light"; 	mso-ascii-theme-font:minor-latin; 	mso-fareast-font-family:SimSun; 	mso-fareast-theme-font:minor-fareast; 	mso-hansi-font-family:"Nokia Standard Light"; 	mso-hansi-theme-font:minor-latin; 	mso-bidi-language:EN-US;} table.MsoTableLightListAccent3FirstRow 	{mso-style-name:"Light List - Accent 3"; 	mso-table-condition:first-row; 	mso-style-priority:61; 	mso-style-unhide:no; 	mso-tstyle-shading:#9BBB59; 	mso-tstyle-shading-themecolor:accent3; 	mso-para-margin-top:0cm; 	mso-para-margin-bottom:0cm; 	mso-para-margin-bottom:.0001pt; 	line-height:normal; 	color:white; 	mso-themecolor:background1; 	mso-ansi-font-weight:bold; 	mso-bidi-font-weight:bold;} table.MsoTableLightListAccent3LastRow 	{mso-style-name:"Light List - Accent 3"; 	mso-table-condition:last-row; 	mso-style-priority:61; 	mso-style-unhide:no; 	mso-tstyle-border-top:2.25pt double #9BBB59; 	mso-tstyle-border-top-themecolor:accent3; 	mso-tstyle-border-left:1.0pt solid #9BBB59; 	mso-tstyle-border-left-themecolor:accent3; 	mso-tstyle-border-bottom:1.0pt solid #9BBB59; 	mso-tstyle-border-bottom-themecolor:accent3; 	mso-tstyle-border-right:1.0pt solid #9BBB59; 	mso-tstyle-border-right-themecolor:accent3; 	mso-para-margin-top:0cm; 	mso-para-margin-bottom:0cm; 	mso-para-margin-bottom:.0001pt; 	line-height:normal; 	mso-ansi-font-weight:bold; 	mso-bidi-font-weight:bold;} table.MsoTableLightListAccent3FirstCol 	{mso-style-name:"Light List - Accent 3"; 	mso-table-condition:first-column; 	mso-style-priority:61; 	mso-style-unhide:no; 	mso-ansi-font-weight:bold; 	mso-bidi-font-weight:bold;} table.MsoTableLightListAccent3LastCol 	{mso-style-name:"Light List - Accent 3"; 	mso-table-condition:last-column; 	mso-style-priority:61; 	mso-style-unhide:no; 	mso-ansi-font-weight:bold; 	mso-bidi-font-weight:bold;} table.MsoTableLightListAccent3OddColumn 	{mso-style-name:"Light List - Accent 3"; 	mso-table-condition:odd-column; 	mso-style-priority:61; 	mso-style-unhide:no; 	mso-tstyle-border-top:1.0pt solid #9BBB59; 	mso-tstyle-border-top-themecolor:accent3; 	mso-tstyle-border-left:1.0pt solid #9BBB59; 	mso-tstyle-border-left-themecolor:accent3; 	mso-tstyle-border-bottom:1.0pt solid #9BBB59; 	mso-tstyle-border-bottom-themecolor:accent3; 	mso-tstyle-border-right:1.0pt solid #9BBB59; 	mso-tstyle-border-right-themecolor:accent3;} table.MsoTableLightListAccent3OddRow 	{mso-style-name:"Light List - Accent 3"; 	mso-table-condition:odd-row; 	mso-style-priority:61; 	mso-style-unhide:no; 	mso-tstyle-border-top:1.0pt solid #9BBB59; 	mso-tstyle-border-top-themecolor:accent3; 	mso-tstyle-border-left:1.0pt solid #9BBB59; 	mso-tstyle-border-left-themecolor:accent3; 	mso-tstyle-border-bottom:1.0pt solid #9BBB59; 	mso-tstyle-border-bottom-themecolor:accent3; 	mso-tstyle-border-right:1.0pt solid #9BBB59; 	mso-tstyle-border-right-themecolor:accent3;} --> <!--[endif]--></p>
<table border="1" cellspacing="0" cellpadding="0">
<tbody>
<tr>
<td style="center;" colspan="6" width="426" valign="top">
<h2><strong> S60   Ambassador: All-Time Rankings</strong></h2>
</td>
</tr>
<tr>
<td valign="top">
<h4><strong>1</strong></h4>
</td>
<td valign="bottom">
<h4><strong><span style="underline;"><a href="http://www.s60.com/life/mys60/ambassador/report/displayAmbassadorReports.do?ambassadorId=7276">fakhre </a></span></strong></h4>
</td>
<td valign="top">
<h4>21</h4>
</td>
<td valign="bottom">
<h4><span style="underline;"><a href="http://www.s60.com/life/mys60/ambassador/report/displayAmbassadorReports.do?ambassadorId=9166">irfanil </a></span></h4>
</td>
<td width="35" valign="top">
<h4>41</h4>
</td>
<td width="126" valign="bottom">
<h4><span style="underline;"><a href="http://www.s60.com/life/mys60/ambassador/report/displayAmbassadorReports.do?ambassadorId=17823">MarcusC </a></span></h4>
</td>
</tr>
<tr>
<td valign="top">
<h4><strong>2</strong></h4>
</td>
<td valign="bottom">
<h4><strong><span style="underline;"><a href="http://www.s60.com/life/mys60/ambassador/report/displayAmbassadorReports.do?ambassadorId=11718">spenlunc </a></span></strong></h4>
</td>
<td valign="top">
<h4>22</h4>
</td>
<td valign="bottom">
<h4><span style="underline;"><a href="http://www.s60.com/life/mys60/ambassador/report/displayAmbassadorReports.do?ambassadorId=1436">Furie </a></span></h4>
</td>
<td width="35" valign="top">
<h4>42</h4>
</td>
<td width="126" valign="bottom">
<h4><span style="underline;"><a href="http://www.s60.com/life/mys60/ambassador/report/displayAmbassadorReports.do?ambassadorId=1718">rnbrulz </a></span></h4>
</td>
</tr>
<tr>
<td valign="top">
<h4><strong>3</strong></h4>
</td>
<td valign="bottom">
<h4><strong><span style="underline;"><a href="http://www.s60.com/life/mys60/ambassador/report/displayAmbassadorReports.do?ambassadorId=5830">hritikbhimani </a></span></strong></h4>
</td>
<td valign="top">
<h4>23</h4>
</td>
<td valign="bottom">
<h4><span style="underline;"><a href="http://www.s60.com/life/mys60/ambassador/report/displayAmbassadorReports.do?ambassadorId=4570">ILikeMyNok </a></span></h4>
</td>
<td width="35" valign="top">
<h4>43</h4>
</td>
<td width="126" valign="bottom">
<h4><span style="underline;"><a href="http://www.s60.com/life/mys60/ambassador/report/displayAmbassadorReports.do?ambassadorId=14581">maptor </a></span></h4>
</td>
</tr>
<tr>
<td valign="top">
<h4><strong>4</strong></h4>
</td>
<td valign="bottom">
<h4><span style="underline;"><a href="http://www.s60.com/life/mys60/ambassador/report/displayAmbassadorReports.do?ambassadorId=5176">JCRomo </a></span></h4>
</td>
<td valign="top">
<h4>24</h4>
</td>
<td valign="bottom">
<h4><span style="underline;"><a href="http://www.s60.com/life/mys60/ambassador/report/displayAmbassadorReports.do?ambassadorId=15383">RallyChamp </a></span></h4>
</td>
<td width="35" valign="top">
<h4>44</h4>
</td>
<td width="126" valign="bottom">
<h4><span style="underline;"><a href="http://www.s60.com/life/mys60/ambassador/report/displayAmbassadorReports.do?ambassadorId=6963">farhan89 </a></span></h4>
</td>
</tr>
<tr>
<td valign="top">
<h4><strong>5</strong></h4>
</td>
<td valign="bottom">
<h4><span style="underline;"><a href="http://www.s60.com/life/mys60/ambassador/report/displayAmbassadorReports.do?ambassadorId=17463">Avanzato1811 </a></span></h4>
</td>
<td valign="top">
<h4>25</h4>
</td>
<td valign="bottom">
<h4><span style="underline;"><a href="http://www.s60.com/life/mys60/ambassador/report/displayAmbassadorReports.do?ambassadorId=17430">omer86 </a></span></h4>
</td>
<td width="35" valign="top">
<h4>45</h4>
</td>
<td width="126" valign="bottom">
<h4><span style="underline;"><a href="http://www.s60.com/life/mys60/ambassador/report/displayAmbassadorReports.do?ambassadorId=548">MattWPBS </a></span></h4>
</td>
</tr>
<tr>
<td valign="top">
<h4><strong>6</strong></h4>
</td>
<td valign="bottom">
<h4><span style="underline;"><a href="http://www.s60.com/life/mys60/ambassador/report/displayAmbassadorReports.do?ambassadorId=1830">anwar79 </a></span></h4>
</td>
<td valign="top">
<h4>26</h4>
</td>
<td valign="bottom">
<h4><span style="underline;"><a href="http://www.s60.com/life/mys60/ambassador/report/displayAmbassadorReports.do?ambassadorId=11108">ganster </a></span></h4>
</td>
<td width="35" valign="top">
<h4>46</h4>
</td>
<td width="126" valign="bottom">
<h4><span style="underline;"><a href="http://www.s60.com/life/mys60/ambassador/report/displayAmbassadorReports.do?ambassadorId=47">maksim </a></span></h4>
</td>
</tr>
<tr>
<td valign="top">
<h4><strong>7</strong></h4>
</td>
<td valign="bottom">
<h4><span style="underline;"><a href="http://www.s60.com/life/mys60/ambassador/report/displayAmbassadorReports.do?ambassadorId=15388">shaonmra </a></span></h4>
</td>
<td valign="top">
<h4>27</h4>
</td>
<td valign="bottom">
<h4><span style="underline;"><a href="http://www.s60.com/life/mys60/ambassador/report/displayAmbassadorReports.do?ambassadorId=10375">Coisy </a></span></h4>
</td>
<td width="35" valign="top">
<h4>47</h4>
</td>
<td width="126" valign="bottom">
<h4><span style="underline;"><a href="http://www.s60.com/life/mys60/ambassador/report/displayAmbassadorReports.do?ambassadorId=17571">shoebbb </a></span></h4>
</td>
</tr>
<tr>
<td valign="top">
<h4><strong>8</strong></h4>
</td>
<td valign="bottom">
<h4><span style="underline;"><a href="http://www.s60.com/life/mys60/ambassador/report/displayAmbassadorReports.do?ambassadorId=1033">kukalubo </a></span></h4>
</td>
<td valign="top">
<h4>28</h4>
</td>
<td valign="bottom">
<h4><span style="underline;"><a href="http://www.s60.com/life/mys60/ambassador/report/displayAmbassadorReports.do?ambassadorId=13059">grimsight </a></span></h4>
</td>
<td width="35" valign="top">
<h4>48</h4>
</td>
<td width="126" valign="bottom">
<h4><span style="underline;"><a href="http://www.s60.com/life/mys60/ambassador/report/displayAmbassadorReports.do?ambassadorId=17962">szukoman </a></span></h4>
</td>
</tr>
<tr>
<td valign="top">
<h4><strong>9</strong></h4>
</td>
<td valign="bottom">
<h4><span style="underline;"><a href="http://www.s60.com/life/mys60/ambassador/report/displayAmbassadorReports.do?ambassadorId=12182">haritas </a></span></h4>
</td>
<td valign="top">
<h4>29</h4>
</td>
<td valign="bottom">
<h4><span style="underline;"><a href="http://www.s60.com/life/mys60/ambassador/report/displayAmbassadorReports.do?ambassadorId=64">mcpezza </a></span></h4>
</td>
<td width="35" valign="top">
<h4>49</h4>
</td>
<td width="126" valign="bottom">
<h4><span style="underline;"><a href="http://www.s60.com/life/mys60/ambassador/report/displayAmbassadorReports.do?ambassadorId=13554">vishusaba </a></span></h4>
</td>
</tr>
<tr>
<td valign="top">
<h4><strong>10</strong></h4>
</td>
<td valign="bottom">
<h4><span style="underline;"><a href="http://www.s60.com/life/mys60/ambassador/report/displayAmbassadorReports.do?ambassadorId=5221">oscarburd </a></span></h4>
</td>
<td valign="top">
<h4>30</h4>
</td>
<td valign="bottom">
<h4><span style="underline;"><a href="http://www.s60.com/life/mys60/ambassador/report/displayAmbassadorReports.do?ambassadorId=9659">alexismil </a></span></h4>
</td>
<td width="35" valign="top">
<h4>50</h4>
</td>
<td width="126" valign="bottom">
<h4><span style="underline;"><a href="http://www.s60.com/life/mys60/ambassador/report/displayAmbassadorReports.do?ambassadorId=22783">Ardianwardhana </a></span></h4>
</td>
</tr>
<tr>
<td valign="top">
<h4>11</h4>
</td>
<td valign="bottom">
<h4><span style="underline;"><a href="http://www.s60.com/life/mys60/ambassador/report/displayAmbassadorReports.do?ambassadorId=11029">ankss </a></span></h4>
</td>
<td valign="top">
<h4>31</h4>
</td>
<td valign="bottom">
<h4><span style="underline;"><a href="http://www.s60.com/life/mys60/ambassador/report/displayAmbassadorReports.do?ambassadorId=17904">cleochris08 </a></span></h4>
</td>
<td width="35" valign="top">
<h4>51</h4>
</td>
<td width="126" valign="bottom">
<h4><span style="underline;"><a href="http://www.s60.com/life/mys60/ambassador/report/displayAmbassadorReports.do?ambassadorId=7270">vedant2810 </a></span></h4>
</td>
</tr>
<tr>
<td valign="top">
<h4>12</h4>
</td>
<td valign="bottom">
<h4><span style="underline;"><a href="http://www.s60.com/life/mys60/ambassador/report/displayAmbassadorReports.do?ambassadorId=43">LENNYBONS </a></span></h4>
</td>
<td valign="top">
<h4>32</h4>
</td>
<td valign="bottom">
<h4><span style="underline;"><a href="http://www.s60.com/life/mys60/ambassador/report/displayAmbassadorReports.do?ambassadorId=16650">highdiver </a></span></h4>
</td>
<td width="35" valign="top">
<h4>52</h4>
</td>
<td width="126" valign="bottom">
<h4><span style="underline;"><a href="http://www.s60.com/life/mys60/ambassador/report/displayAmbassadorReports.do?ambassadorId=11757">prazmessi </a></span></h4>
</td>
</tr>
<tr>
<td valign="top">
<h4>13</h4>
</td>
<td valign="bottom">
<h4><span style="underline;"><a href="http://www.s60.com/life/mys60/ambassador/report/displayAmbassadorReports.do?ambassadorId=2254">VISHESH </a></span></h4>
</td>
<td valign="top">
<h4>33</h4>
</td>
<td valign="bottom">
<h4><span style="underline;"><a href="http://www.s60.com/life/mys60/ambassador/report/displayAmbassadorReports.do?ambassadorId=17778">kishok </a></span></h4>
</td>
<td width="35" valign="top">
<h4>53</h4>
</td>
<td width="126" valign="bottom">
<h4><span style="underline;"><a href="http://www.s60.com/life/mys60/ambassador/report/displayAmbassadorReports.do?ambassadorId=580">jobber99 </a></span></h4>
</td>
</tr>
<tr>
<td valign="top">
<h4>14</h4>
</td>
<td valign="bottom">
<h4><span style="underline;"><a href="http://www.s60.com/life/mys60/ambassador/report/displayAmbassadorReports.do?ambassadorId=3792">Rachaelsmom </a></span></h4>
</td>
<td valign="top">
<h4>34</h4>
</td>
<td valign="bottom">
<h4><span style="underline;"><a href="http://www.s60.com/life/mys60/ambassador/report/displayAmbassadorReports.do?ambassadorId=1851">Malaika </a></span></h4>
</td>
<td width="35" valign="top">
<h4>54</h4>
</td>
<td width="126" valign="bottom">
<h4><span style="underline;"><a href="http://www.s60.com/life/mys60/ambassador/report/displayAmbassadorReports.do?ambassadorId=11184">gamemaster28 </a></span></h4>
</td>
</tr>
<tr>
<td valign="top">
<h4>15</h4>
</td>
<td valign="bottom">
<h4><span style="underline;"><a href="http://www.s60.com/life/mys60/ambassador/report/displayAmbassadorReports.do?ambassadorId=11831">traghuveer </a></span></h4>
</td>
<td valign="top">
<h4>35</h4>
</td>
<td valign="bottom">
<h4><span style="underline;"><a href="http://www.s60.com/life/mys60/ambassador/report/displayAmbassadorReports.do?ambassadorId=11004">irfun4ever </a></span></h4>
</td>
<td width="35" valign="top">
<h4>55</h4>
</td>
<td width="126" valign="bottom">
<h4><span style="underline;"><a href="http://www.s60.com/life/mys60/ambassador/report/displayAmbassadorReports.do?ambassadorId=7431">anotheran </a></span></h4>
</td>
</tr>
<tr>
<td valign="top">
<h4>16</h4>
</td>
<td valign="bottom">
<h4><span style="underline;"><a href="http://www.s60.com/life/mys60/ambassador/report/displayAmbassadorReports.do?ambassadorId=2746">ritesh </a></span></h4>
</td>
<td valign="top">
<h4>36</h4>
</td>
<td valign="bottom">
<h4><span style="underline;"><a href="http://www.s60.com/life/mys60/ambassador/report/displayAmbassadorReports.do?ambassadorId=8718">tonymohd </a></span></h4>
</td>
<td width="35" valign="top">
<h4>56</h4>
</td>
<td width="126" valign="bottom">
<h4><span style="underline;"><a href="http://www.s60.com/life/mys60/ambassador/report/displayAmbassadorReports.do?ambassadorId=820">nikhilchawla </a></span></h4>
</td>
</tr>
<tr>
<td valign="top">
<h4>17</h4>
</td>
<td valign="bottom">
<h4><span style="underline;"><a href="http://www.s60.com/life/mys60/ambassador/report/displayAmbassadorReports.do?ambassadorId=2958">leenoormohamed </a></span></h4>
</td>
<td valign="top">
<h4>37</h4>
</td>
<td valign="bottom">
<h4><span style="underline;"><a href="http://www.s60.com/life/mys60/ambassador/report/displayAmbassadorReports.do?ambassadorId=11393">klackerz </a></span></h4>
</td>
<td width="35" valign="top">
<h4>57</h4>
</td>
<td width="126" valign="bottom">
<h4><span style="underline;"><a href="http://www.s60.com/life/mys60/ambassador/report/displayAmbassadorReports.do?ambassadorId=18574">Verccety </a></span></h4>
</td>
</tr>
<tr>
<td valign="top">
<h4>18</h4>
</td>
<td valign="bottom">
<h4><span style="underline;"><a href="http://www.s60.com/life/mys60/ambassador/report/displayAmbassadorReports.do?ambassadorId=693">crazysehaj </a></span></h4>
</td>
<td valign="top">
<h4>38</h4>
</td>
<td valign="bottom">
<h4><span style="underline;"><a href="http://www.s60.com/life/mys60/ambassador/report/displayAmbassadorReports.do?ambassadorId=11034">BodyZ </a></span></h4>
</td>
<td width="35" valign="top">
<h4>58</h4>
</td>
<td width="126" valign="bottom">
<h4><span style="underline;"><a href="http://www.s60.com/life/mys60/ambassador/report/displayAmbassadorReports.do?ambassadorId=15550">orcthesorc </a></span></h4>
</td>
</tr>
<tr>
<td valign="top">
<h4>19</h4>
</td>
<td valign="bottom">
<h4><span style="underline;"><a href="http://www.s60.com/life/mys60/ambassador/report/displayAmbassadorReports.do?ambassadorId=851">gomcoite </a></span></h4>
</td>
<td valign="top">
<h4>39</h4>
</td>
<td valign="bottom">
<h4><span style="underline;"><a href="http://www.s60.com/life/mys60/ambassador/report/displayAmbassadorReports.do?ambassadorId=18093">ibzter </a></span></h4>
</td>
<td width="35" valign="top">
<h4>59</h4>
</td>
<td width="126" valign="bottom">
<h4><span style="underline;"><a href="http://www.s60.com/life/mys60/ambassador/report/displayAmbassadorReports.do?ambassadorId=17309">bryanlyt </a></span></h4>
</td>
</tr>
<tr>
<td valign="top">
<h4>20</h4>
</td>
<td valign="bottom">
<h4><span style="underline;"><a href="http://www.s60.com/life/mys60/ambassador/report/displayAmbassadorReports.do?ambassadorId=14331">suyog </a></span></h4>
</td>
<td valign="top">
<h4>40</h4>
</td>
<td valign="bottom">
<h4><span style="underline;"><a href="http://www.s60.com/life/mys60/ambassador/report/displayAmbassadorReports.do?ambassadorId=11086">Hellblazer </a></span></h4>
</td>
<td width="35" valign="top">
<h4>60</h4>
</td>
<td width="126" valign="bottom">
<h4><span style="underline;"><a href="http://www.s60.com/life/mys60/ambassador/report/displayAmbassadorReports.do?ambassadorId=7385">ming387 </a></span></h4>
</td>
</tr>
</tbody>
</table>
<p>And hats off to each and every one of you for your passion, enthusiasm, and zest for all things S60. A resounding  <strong>T-H-A-N-K  Y-O-U</strong> for joining us on this journey. The many feedback and comments you&#8217;ve sent our way will continue to hold us in good stead as Symbian and S60 make their transition towards Symbian Foundation.</p>
<p>So long. Farewell. <em>Kiitos</em> &amp; <em>näkemiin</em> (thanks &amp; goodbye) as we say over here in Finland. Take care.</p>
<p>- Team S60 -</p>
]]></content:encoded>
			<wfw:commentRss>http://blogs.s60.com/2009/06/its-time-to-say-goodbye/feed</wfw:commentRss>
		</item>
		<item>
		<title>Java Sensor API demo</title>
		<link>http://blogs.s60.com/2009/06/java-sensor-api-demo</link>
		<comments>http://blogs.s60.com/2009/06/java-sensor-api-demo#comments</comments>
		<pubDate>Mon, 01 Jun 2009 12:23:36 +0000</pubDate>
		<dc:creator>Aleksi Uotila</dc:creator>
		
		<category><![CDATA[Development]]></category>

		<category><![CDATA[General]]></category>

		<category><![CDATA[Java]]></category>

		<guid isPermaLink="false">http://blogs.s60.com/?p=3281</guid>
		<description><![CDATA[S60 Java Runtime guys shot some video material on our Nokia Developer Summit demo. It's showcasing Java Sensor API &#38; Java Bluetooth API usage with BT controlled Tamiya RC Mini Cooper S 2006 car.

The demo uses many Java APIs and device features. Java Sensor API &#38; accelerometer sensor of the <a href="http://www.forum.nokia.com/devices/N97">Nokia N97 device</a> is used for implementing the car control. Users just tilt the device in order to accelerate and turn  wheels of the car. The Java Sensor API [...]]]></description>
			<content:encoded><![CDATA[<p>S60 Java Runtime guys shot some video material on our Nokia Developer Summit demo. It&#8217;s showcasing Java Sensor API &amp; Java Bluetooth API usage with BT controlled Tamiya RC Mini Cooper S 2006 car.</p>
<p>The demo uses many Java APIs and device features. Java Sensor API &amp; accelerometer sensor of the <a href="http://www.forum.nokia.com/devices/N97">Nokia N97 device</a> is used for implementing the car control. Users just tilt the device in order to accelerate and turn  wheels of the car. The Java Sensor API gives demo Java app the orientation of the device. Application then turns the accelerometer signals to control signals for the car itself. These signals are transmitted to the car using Java Bluetooth API. The car itself has an additional Bluetooth module installed. Then of course in the device side there&#8217;s some UI also done with Java MIDP APIs that show the control level to the user. Touch UI is used to provide some additional control means.</p>
<p>Additionally we also did a special variant of the Java application for <a href="http://www.forum.nokia.com/devices/6260_slide">Nokia 6260 slide (Series 40) device</a> that has an analogue joystick input device and the Java Runtime therein is bundled with a <a href="http://library.forum.nokia.com/index.jsp?topic=/Java_Developers_Library/GUID-237420DE-CCBE-4A74-A129-572E0708D428/com/nokia/mid/ui/JoystickEventListener.html">Joystick event listener</a> (part of Nokia UI API).  So instead of tilting the device for controlling the car device&#8217;s joystick is used.</p>
<p>The <a href="http://events.nokia.com/developersummit/assets/pdf/Java_demo_slides.pdf">summit slides</a> have some more details of the MIDlet implementation on both devices.</p>
<p>If you are interested in developing using Java Sensor API please see also both our <a href="http://library.forum.nokia.com/index.jsp?topic=/Java_Developers_Library/GUID-660EC670-B7DB-4005-BF2D-411E5C0B3867_overview-d0e41497.html">Sensor API Developer&#8217;s Guide</a> and  <a href="http://library.forum.nokia.com/index.jsp?topic=/Java_Developers_Library/GUID-660EC670-B7DB-4005-BF2D-411E5C0B3867_overview-d0e94435.html">Sensor API implementation notes</a>. Java Sensor API is part of <a href="http://wiki.forum.nokia.com/index.php/Java_Runtime_1.4_for_S60_Release_notes">Java Runtime 1.4 for S60</a>.</p>
<p><object classid="clsid:d27cdb6e-ae6d-11cf-96b8-444553540000" width="560" height="340" codebase="http://download.macromedia.com/pub/shockwave/cabs/flash/swflash.cab#version=6,0,40,0"><param name="allowFullScreen" value="true" /><param name="allowscriptaccess" value="always" /><param name="src" value="http://www.youtube.com/v/pnxgThSd7zk&amp;hl=en&amp;fs=1" /><embed type="application/x-shockwave-flash" width="560" height="340" src="http://www.youtube.com/v/pnxgThSd7zk&amp;hl=en&amp;fs=1" allowscriptaccess="always" allowfullscreen="true"></embed></object></p>
]]></content:encoded>
			<wfw:commentRss>http://blogs.s60.com/2009/06/java-sensor-api-demo/feed</wfw:commentRss>
		</item>
		<item>
		<title>Ovi Store NOT requiring Java Verified</title>
		<link>http://blogs.s60.com/2009/05/ovi-store-not-requiring-java-verified</link>
		<comments>http://blogs.s60.com/2009/05/ovi-store-not-requiring-java-verified#comments</comments>
		<pubDate>Wed, 27 May 2009 12:57:29 +0000</pubDate>
		<dc:creator>Aleksi Uotila</dc:creator>
		
		<category><![CDATA[Development]]></category>

		<category><![CDATA[Java]]></category>

		<category><![CDATA[Support]]></category>

		<category><![CDATA[Java Verified]]></category>

		<category><![CDATA[JavaVerified]]></category>

		<category><![CDATA[JV]]></category>

		<category><![CDATA[OVI Store]]></category>

		<guid isPermaLink="false">http://blogs.s60.com/?p=3277</guid>
		<description><![CDATA[<a href=http://blogs.s60.com/2009/05/ovi-store-not-requiring-java-verified><img src=http://nds3.nokia.com/pressphotos/public/global/experiences/ovi_store/Ovi-Store_N97_portrait_5_mystuff_lowres.jpg class=imgtfe hspace=5 align=left width=100  border=0></a><a href="http://store.ovi.com"></a>I've just got confirmation from an Ovi Store guys that Java applications DO NOT require to go through Java Verified testing when being published to Ovi Store.

It has been a huge source of complaints throughout the Internet and Ovi related discussion boards that Java application developers are forced to do testing via Java Verified. To use Java Verified before submitting the application to Ovi Store is only a recommendation for developers. If developers have other means to ensure the [...]]]></description>
			<content:encoded><![CDATA[<p><a href="http://store.ovi.com"><img class="alignright" src="http://nds3.nokia.com/pressphotos/public/global/experiences/ovi_store/Ovi-Store_N97_portrait_5_mystuff_lowres.jpg" alt="" width="165" height="329" /></a>I&#8217;ve just got confirmation from an Ovi Store guys that Java applications DO NOT require to go through Java Verified testing when being published to Ovi Store.</p>
<p>It has been a huge source of complaints throughout the Internet and Ovi related discussion boards that Java application developers are <em>forced </em>to do testing via Java Verified. To use Java Verified before submitting the application to Ovi Store is only a recommendation for developers. If developers have other means to ensure the quality on different Nokia handsets then it&#8217;s totally acceptable to not to use it. Developers are however required to sign their content using content signing (Verisign or Thawte).</p>
]]></content:encoded>
			<wfw:commentRss>http://blogs.s60.com/2009/05/ovi-store-not-requiring-java-verified/feed</wfw:commentRss>
		</item>
		<item>
		<title>S60 Always</title>
		<link>http://blogs.s60.com/2009/05/s60-always</link>
		<comments>http://blogs.s60.com/2009/05/s60-always#comments</comments>
		<pubDate>Fri, 22 May 2009 13:45:16 +0000</pubDate>
		<dc:creator>Raj Unny</dc:creator>
		
		<category><![CDATA[S60 Ambassadors]]></category>

		<category><![CDATA[S60 Living]]></category>

		<guid isPermaLink="false">http://blogs.s60.com/?p=3269</guid>
		<description><![CDATA[<a href=http://blogs.s60.com/2009/05/s60-always><img src=http://blogs.s60.com/wp-content/uploads/2009/05/alwayss60.jpg class=imgtfe hspace=5 align=left width=100  border=0></a><a href="http://blogs.s60.com/wp-content/uploads/2009/05/alwayss60.jpg"></a>

The 'Always S60' campaign finally ended this past weekend. After nearly a year of being the only campaign that was always open and always on, there's a certain air of inevitability to this closure. It's been a pleasant surprise to us here in the S60 Ambassador team that, despite not having much by way of rewards or tourneys, participation in the Always S60 campaign was steady and brisk. It ended proudly too - as the campaign with the highest [...]]]></description>
			<content:encoded><![CDATA[<p><a href="http://blogs.s60.com/wp-content/uploads/2009/05/alwayss60.jpg"><img class="aligncenter size-full wp-image-3270" src="http://blogs.s60.com/wp-content/uploads/2009/05/alwayss60.jpg" alt="" width="500" height="128" /></a></p>
<p>The &#8216;Always S60&#8242; campaign finally ended this past weekend. After nearly a year of being the only campaign that was always open and always on, there&#8217;s a certain air of inevitability to this closure. It&#8217;s been a pleasant surprise to us here in the S60 Ambassador team that, despite not having much by way of rewards or tourneys, participation in the Always S60 campaign was steady and brisk. It ended proudly too - as the campaign with the highest participation and highest number of reports ever. We believe this proves nicely that the S60 Ambassador program has always been about passion, dedication, and genuine desire to spread the word to friends, family, and even strangers - with rewards just making the campaigns more fun.</p>
<p>We&#8217;d like to tip our hats to the thousands of Ambassadors that participated in making the &#8216;Always S60&#8242; campaign a success.</p>
<p>Special kudos and recognition are due to those who made it to the Top-20 &#8216;Always S60&#8242; Ambassadors rankings:</p>
<ol>
<li><a href="http://www.s60.com/life/mys60/ambassador/report/displayAmbassadorReports.do?ambassadorId=7276" target="_blank"><strong></strong></a><strong><a href="http://www.s60.com/life/mys60/ambassador/report/displayAmbassadorReports.do?ambassadorId=7276" target="_blank">fakhre</a> </strong></li>
<li><a href="http://www.s60.com/life/mys60/ambassador/report/displayAmbassadorReports.do?ambassadorId=1830" target="_blank">anwar79</a></li>
<li><a href="http://www.s60.com/life/mys60/ambassador/report/displayAmbassadorReports.do?ambassadorId=5830" target="_blank">hritikbhimani</a></li>
<li><a href="http://www.s60.com/life/mys60/ambassador/report/displayAmbassadorReports.do?ambassadorId=5176" target="_blank">JCRomo</a></li>
<li><a href="http://www.s60.com/life/mys60/ambassador/report/displayAmbassadorReports.do?ambassadorId=5221" target="_blank">oscarburd</a></li>
<li>kukalubo</li>
<li>Coisy</li>
<li>Furie</li>
<li>ILikeMyNok</li>
<li>ritesh</li>
<li>mcpezza</li>
<li>spenlunc</li>
<li>traghuveer</li>
<li>Rachaelsmom</li>
<li>LENNYBONS</li>
<li>farhan89</li>
<li>vishusaba</li>
<li>maptor</li>
<li>Ardianwardhana</li>
<li>highdiver</li>
</ol>
<p>And report-of-the-week kudos goes to MobiReader fan and S60 Ambassador <a href="http://www.s60.com/life/mys60/ambassador/report/displayAmbassadorReports.do?ambassadorId=1851">Malaika</a> for this report: <a href="http://www.s60.com/report/6128" target="_blank">http://www.s60.com/report/6128</a></p>
<p>As most of you know, the S60 Ambassador program is <a href="http://blogs.s60.com/2009/04/s60-ambassador-program-is-ending" target="_blank">on its final leg</a>. Next week I&#8217;ll be posting top-rankings for ALL campaigns combined. That will likely be our last post. Until then, take care out there.</p>
]]></content:encoded>
			<wfw:commentRss>http://blogs.s60.com/2009/05/s60-always/feed</wfw:commentRss>
		</item>
		<item>
		<title>eSWT support as part of Eclipse MTJ</title>
		<link>http://blogs.s60.com/2009/05/eswt-support-as-part-of-eclipse-mtj</link>
		<comments>http://blogs.s60.com/2009/05/eswt-support-as-part-of-eclipse-mtj#comments</comments>
		<pubDate>Tue, 19 May 2009 18:42:45 +0000</pubDate>
		<dc:creator>Aleksi Uotila</dc:creator>
		
		<category><![CDATA[Development]]></category>

		<category><![CDATA[Java]]></category>

		<category><![CDATA[eclipse]]></category>

		<category><![CDATA[eSWT]]></category>

		<category><![CDATA[MTJ]]></category>

		<guid isPermaLink="false">http://blogs.s60.com/?p=3266</guid>
		<description><![CDATA[My colleague <a href="http://www.gorkem-ercan.com/2009/05/eswt-features-on-eclipse-mtj-rc1.html">Görkem just got some eSWT support features accepted as part of the Mobile Tools for Java</a>. For those who don't know MTJ is a set of tools for Eclipse IDE for Mobile Java development. 

There's now code wizard and code assist features for eSWT development. It's good to see also tools support to appear for this advanced mobile Java UI toolkit!
]]></description>
			<content:encoded><![CDATA[<p>My colleague <a href="http://www.gorkem-ercan.com/2009/05/eswt-features-on-eclipse-mtj-rc1.html">Görkem just got some eSWT support features accepted as part of the Mobile Tools for Java</a>. For those who don&#8217;t know MTJ is a set of tools for Eclipse IDE for Mobile Java development. </p>
<p>There&#8217;s now code wizard and code assist features for eSWT development. It&#8217;s good to see also tools support to appear for this advanced mobile Java UI toolkit!</p>
]]></content:encoded>
			<wfw:commentRss>http://blogs.s60.com/2009/05/eswt-support-as-part-of-eclipse-mtj/feed</wfw:commentRss>
		</item>
		<item>
		<title>We have winners - 101 of them</title>
		<link>http://blogs.s60.com/2009/05/we-have-winners-101-of-them</link>
		<comments>http://blogs.s60.com/2009/05/we-have-winners-101-of-them#comments</comments>
		<pubDate>Fri, 15 May 2009 16:09:51 +0000</pubDate>
		<dc:creator>Raj Unny</dc:creator>
		
		<category><![CDATA[S60 Ambassadors]]></category>

		<category><![CDATA[S60 Living]]></category>

		<category><![CDATA[N-Gage]]></category>

		<guid isPermaLink="false">http://blogs.s60.com/?p=3235</guid>
		<description><![CDATA[<a href=http://blogs.s60.com/2009/05/we-have-winners-101-of-them><img src=http://blogs.s60.com/wp-content/uploads/2009/05/monstertrianer-300x300.png class=imgtfe hspace=5 align=left width=100  border=0></a><a href="http://blogs.s60.com/wp-content/uploads/2009/05/monstertrianer.png"></a>This week we have winners, winners and more winners.

The N-Gage: Level 2 campaign closed over the weekend and we had a ton of reports come in. It was the most competition we've ever had in a campaign. Guess <a href="http://blogs.s60.com/2009/02/n-gage-level-2-rewards-details" target="_blank">the prizes</a> were too good to let go without a battle. The last of the reports were read, rated and approved by 06.30 hrs GMT on May 12. And we tallied up the final-rankings right after.

But hold your horses [...]]]></description>
			<content:encoded><![CDATA[<p><a href="http://blogs.s60.com/wp-content/uploads/2009/05/monstertrianer.png"><img class="size-medium wp-image-3237 alignright" src="http://blogs.s60.com/wp-content/uploads/2009/05/monstertrianer-300x300.png" alt="" width="300" height="334" /></a>This week we have winners, winners and more winners.</p>
<p>The <em>N-Gage: Level 2</em> campaign closed over the weekend and we had a ton of reports come in. It was the most competition we&#8217;ve ever had in a campaign. Guess <a href="http://blogs.s60.com/2009/02/n-gage-level-2-rewards-details" target="_blank">the prizes</a> were too good to let go without a battle. The last of the reports were read, rated and approved by 06.30 hrs GMT on May 12. And we tallied up the final-rankings right after.</p>
<p>But hold your horses a minute. We&#8217;ve got our final N-Gage report-of-the-week winner to announce first. That honor goes to Ambassador <a href="http://www.s60.com/life/mys60/ambassador/report/displayAmbassadorReports.do?ambassadorId=9166" target="_blank">irfanil</a> and for this report on gaming, wifi, food and maybe a new mobile gaming community: <a href="http://www.s60.com/report/6081" target="_blank">http://www.s60.com/report/6081</a></p>
<p>Congrats, irfanil!</p>
<p>Ok, ok.. the very <strong>final, Top-100 ranked Ambassadors for the N-Gage campaign</strong> are:</p>
<blockquote>
<ol>
<li><a href="http://www.s60.com/life/mys60/ambassador/report/displayAmbassadorReports.do?ambassadorId=11718" target="_blank"><strong>spenlunc</strong></a></li>
<li><a href="http://www.s60.com/life/mys60/ambassador/report/displayAmbassadorReports.do?ambassadorId=7276" target="_blank">fakhre</a></li>
<li><a href="http://www.s60.com/life/mys60/ambassador/report/displayAmbassadorReports.do?ambassadorId=17463" target="_blank">avanzato1811</a></li>
<li><a href="http://www.s60.com/life/mys60/ambassador/report/displayAmbassadorReports.do?ambassadorId=12182" target="_blank">haritas</a></li>
<li><a href="http://www.s60.com/life/mys60/ambassador/report/displayAmbassadorReports.do?ambassadorId=15388" target="_blank">shaonmra</a></li>
<li> <a href="http://www.s60.com/life/mys60/ambassador/report/displayAmbassadorReports.do?ambassadorId=11029" target="_blank">ankss</a></li>
<li> <a href="http://www.s60.com/life/mys60/ambassador/report/displayAmbassadorReports.do?ambassadorId=5830" target="_blank">hritikbhimani</a></li>
<li> <a href="http://www.s60.com/life/mys60/ambassador/report/displayAmbassadorReports.do?ambassadorId=17430" target="_blank">omer86</a></li>
<li> <a href="http://www.s60.com/life/mys60/ambassador/report/displayAmbassadorReports.do?ambassadorId=15383" target="_blank">RallyChamp</a></li>
<li> <a href="http://www.s60.com/life/mys60/ambassador/report/displayAmbassadorReports.do?ambassadorId=17904" target="_blank">cleochris08</a></li>
<li> JCRomo</li>
<li> kishok</li>
<li> ibzter</li>
<li> Hellblazer</li>
<li> MarcusC</li>
<li> irfanil</li>
<li> BodyZ</li>
<li> szukoman</li>
<li> vedant2810</li>
<li> VISHESH</li>
<li> Rachaelsmom</li>
<li> Malaika</li>
<li> shoebbb</li>
<li> leenoormohamed</li>
<li> Verccety</li>
<li> rdevilliers</li>
<li> ShaneL</li>
<li> apurvgupta1</li>
<li> asad001</li>
<li> rustymatters</li>
<li> principino</li>
<li> ganster</li>
<li> sanjpt8a</li>
<li> anayalater</li>
<li> mirnes1987</li>
<li> gamemaster28</li>
<li> peter300</li>
<li> alexismil</li>
<li> noryanncomia24</li>
<li> dork3214</li>
<li> suyog</li>
<li> grimsight</li>
<li> orcthesorc</li>
<li> klackerz</li>
<li> VariousFor</li>
<li> bryanlyt</li>
<li> highdiver</li>
<li> drex504</li>
<li> hnoeprieto</li>
<li> mrgreen</li>
<li> jpambrose</li>
<li> prazmessi</li>
<li> exmaster</li>
<li> eli71724</li>
<li> jdude</li>
<li> omedina</li>
<li> irfun4ever</li>
<li> Azam256</li>
<li> junaidjdp</li>
<li> ced961</li>
<li> tecladista</li>
<li> GenSoft</li>
<li> hi2amol</li>
<li> gqkevyn</li>
<li> sandymc</li>
<li> mavilacivert</li>
<li> Bipul</li>
<li> j4jony</li>
<li> stone</li>
<li> Shani</li>
<li> davidlian</li>
<li> ShadoW2009</li>
<li> Alsiladka</li>
<li> adityasinghvi</li>
<li> adreealover</li>
<li> tonymohd</li>
<li> poison777</li>
<li> chensq</li>
<li> raycau</li>
<li> mihaialexe</li>
<li> epouriya</li>
<li> osornios</li>
<li> loveckt</li>
<li> madi84</li>
<li> maptor</li>
<li> MoShef</li>
<li> dim21</li>
<li> CHAPLINbyCARLOS</li>
<li> tcarstensen</li>
<li> sekar</li>
<li> rnbrulz</li>
<li> meljet</li>
<li> carbon14</li>
<li> H31180Y</li>
<li> raytfer</li>
<li> chronorec</li>
<li> wilstreak</li>
<li> Chrisosupreme</li>
<li> maclondon</li>
<li> drewhy</li>
</ol>
</blockquote>
<ol>
<li><a href="http://www.s60.com/life/mys60/ambassador/report/displayAmbassadorReports.do?ambassadorId=11718" target="_blank"><strong></strong></a></li>
</ol>
<p>A big round of applause to all the winners for a job well done!</p>
<p>In addition to the initial <a href="http://www.s60.com/life/navi?pbId=763" target="_blank">list of games</a>, we are happy to announce that your new activation-codes are going to be good for:</p>
<ul>
<li><a href="http://www.n-gage.com/ngi/ngage/web/g0/en/showroom/gamedetail.424.GameDetail.html" target="_blank">Age Of Empires lll</a></li>
<li><a href="http://www.n-gage.com/ngi/ngage/web/g0/en/showroom/gamedetail.344.GameDetail.html" target="_blank">Cafe Hold Em Poker</a></li>
<li><a href="http://www.n-gage.com/ngi/ngage/web/g0/en/showroom/gamedetail.588.GameDetail.html" target="_blank">Monopoly Here &amp; Now: The World Edition</a></li>
<li><a href="http://www.n-gage.com/ngi/ngage/web/g0/en/showroom/gamedetail.587.GameDetail.html" target="_blank">Need For Speed Undercover</a></li>
<li><a href="http://www.n-gage.com/ngi/ngage/web/g0/en/showroom/gamedetail.794.GameDetail.html" target="_blank">Pandemonium</a></li>
<li><a href="http://www.n-gage.com/ngi/ngage/web/g0/en/showroom/gamedetail.626.GameDetail.html" target="_blank">Prince Of Persia</a></li>
<li><a href="http://www.n-gage.com/ngi/ngage/web/g0/en/showroom/gamedetail.383.GameDetail.html" target="_blank">Real Football 2009</a></li>
<li><a href="http://www.n-gage.com/ngi/ngage/web/g0/en/showroom/gamedetail.285.GameDetail.html" target="_blank">Worms World Party</a></li>
</ul>
<p>We hope that&#8217;s a nice surprise for ya.</p>
<p>Before I sign off, a reminder - our very last campaign, &#8216;Always S60&#8242;, will be closing on Sunday, May 17, night. So get all those pending reports in before it ends - for this will be your very last chance EVER to submit an S60 Ambassador report. We&#8217;ll post top-rankings for &#8216;Always S60&#8242; next week.</p>
<p>Have a good weekend, y&#8217;all.</p>
]]></content:encoded>
			<wfw:commentRss>http://blogs.s60.com/2009/05/we-have-winners-101-of-them/feed</wfw:commentRss>
		</item>
		<item>
		<title>Java Runtime for S60 Roadmap</title>
		<link>http://blogs.s60.com/2009/05/java-runtime-for-s60-roadmap</link>
		<comments>http://blogs.s60.com/2009/05/java-runtime-for-s60-roadmap#comments</comments>
		<pubDate>Wed, 13 May 2009 06:21:50 +0000</pubDate>
		<dc:creator>Aleksi Uotila</dc:creator>
		
		<category><![CDATA[Development]]></category>

		<category><![CDATA[Java]]></category>

		<guid isPermaLink="false">http://blogs.s60.com/?p=3229</guid>
		<description><![CDATA[The Nokia Developer Summit was arranged two weeks ago and there was a <a href="http://events.nokia.com/developersummit/assets/pdf/Java_demo_slides.pdf">presentation of the Java Runtime of S60</a>, about the current state and it's future. The roadmap provides a glimpse to the 2010 release contents of JRT.]]></description>
			<content:encoded><![CDATA[<p>The Nokia Developer Summit was arranged two weeks ago and there was a <a href="http://events.nokia.com/developersummit/assets/pdf/Java_demo_slides.pdf">presentation of the Java Runtime of S60</a>, about the current state and it&#8217;s future. The roadmap provides a glimpse to the 2010 release contents of JRT.</p>
]]></content:encoded>
			<wfw:commentRss>http://blogs.s60.com/2009/05/java-runtime-for-s60-roadmap/feed</wfw:commentRss>
		</item>
	</channel>
</rss>
